date,country,streaming_revenue,spotify_ads_spend,meta_spend,tiktok_spend,youtube_spend,radio_spend,playlist_spend
2023-01-02,DE,32527.4,20846.85,58373.81,15215.14,32227.95,40061.62,18905.55
2023-01-09,DE,25913.42,44510.8,31090.96,17157.66,35376.4,42549.1,13641.86
2023-01-16,DE,49203.82,26521.37,47730.71,27905.98,31226.71,40616.06,21378.13
2023-01-23,DE,54069.02,22357.07,52740.15,29025.01,39047.37,58295.51,15572.19
2023-01-30,DE,23960.87,30718.04,52385.01,21459.53,28786.65,91123.3,20208.95
2023-02-06,DE,43533.7,33352.45,64456.53,39601.58,117677.58,43191.23,13047.07
2023-02-13,DE,58674.15,39416.71,45208.03,37343.32,52801.19,59445.43,11844.08
2023-02-20,DE,52114.7,31818.57,62120.4,37867.08,38803.41,37395.88,11329.69
2023-02-27,DE,52237.15,43131.86,45991.49,26483.05,32456.36,48405.81,24154.72
2023-03-06,DE,45318.11,43658.12,42642.9,30767.0,48818.0,118243.99,12580.5
2023-03-13,DE,66271.06,40501.53,70323.22,50066.56,35972.31,58891.35,22481.09
2023-03-20,DE,69482.48,64616.11,70397.48,83183.52,31827.29,74130.47,15564.56
2023-03-27,DE,56667.23,35696.91,55466.55,20878.47,37957.03,74467.89,18839.73
2023-04-03,DE,71197.95,31487.4,37450.58,63190.99,60348.36,93520.27,17039.74
2023-04-10,DE,61460.23,29819.58,44771.37,19180.98,78205.85,64754.56,28430.78
2023-04-17,DE,45391.68,32476.49,61000.25,31987.0,27877.13,123397.47,15740.8
2023-04-24,DE,57056.27,25454.05,65757.75,29946.27,50643.64,69674.35,8782.94
2023-05-01,DE,44430.44,27916.29,38608.01,41337.22,45485.04,80086.52,16049.64
2023-05-08,DE,64177.63,45271.66,49736.36,27739.21,47868.76,69672.04,43444.65
2023-05-15,DE,51607.39,27818.62,31456.59,33503.81,34864.99,31835.32,12410.3
2023-05-22,DE,56030.55,81304.85,38625.47,16215.9,94812.28,45982.12,49756.71
2023-05-29,DE,50253.04,32965.24,96144.99,27532.03,52396.02,64411.33,16560.34
2023-06-05,DE,73661.48,46775.63,71208.6,36428.8,52721.79,60300.73,93200.06
2023-06-12,DE,63896.76,74796.95,46224.27,37802.1,78517.73,91830.06,28638.08
2023-06-19,DE,56531.46,29237.5,66212.95,31146.42,47381.52,129919.07,19053.22
2023-06-26,DE,61573.19,47832.28,32646.0,63151.2,70018.83,75976.65,18413.31
2023-07-03,DE,73376.46,52880.37,91164.84,63518.83,69146.01,79454.19,29267.8
2023-07-10,DE,70903.13,56708.58,61881.07,44869.73,66832.91,75827.11,17265.94
2023-07-17,DE,66315.72,53905.89,42341.77,22537.11,57721.39,96058.37,23026.88
2023-07-24,DE,69640.68,49847.31,29325.04,42426.64,86747.93,104396.27,27521.05
2023-07-31,DE,85167.24,46787.22,66366.69,32763.8,59181.69,53592.11,34766.11
2023-08-07,DE,61220.16,32340.34,81134.63,54931.97,69481.56,175312.15,10266.65
2023-08-14,DE,54007.28,36741.54,67344.79,19697.9,60358.23,85505.91,9222.05
2023-08-21,DE,50561.54,36560.97,77189.15,27361.26,67523.18,93448.66,19438.77
2023-08-28,DE,70213.5,57471.42,72456.3,69433.5,32873.25,34299.26,26908.32
2023-09-04,DE,74044.09,40187.96,83554.85,81992.55,33568.0,40202.93,15880.09
2023-09-11,DE,58487.38,68484.7,60237.96,35422.29,23708.78,54618.76,12378.47
2023-09-18,DE,48792.94,43558.4,58900.22,47628.39,26836.48,60105.82,20584.82
2023-09-25,DE,47487.89,42368.81,108609.23,31730.05,33471.06,66891.75,13446.15
2023-10-02,DE,61124.47,18152.29,44713.56,59099.84,32134.51,58536.48,19206.25
2023-10-09,DE,67245.82,33301.43,35203.12,74469.02,74313.12,82714.89,16957.82
2023-10-16,DE,64956.46,43595.17,66272.03,34106.34,52749.3,93650.44,16005.13
2023-10-23,DE,44661.71,22221.71,71817.48,17731.12,37204.85,78597.28,21181.96
2023-10-30,DE,55021.41,33793.81,50941.5,33846.08,35365.34,119373.3,13192.89
2023-11-06,DE,62625.98,45592.12,58456.91,40836.72,101157.43,63123.88,27413.97
2023-11-13,DE,63639.82,60935.75,101993.78,29614.49,43809.31,82414.59,22131.93
2023-11-20,DE,75700.14,34251.06,86065.66,47387.02,119259.57,78807.86,16304.55
2023-11-27,DE,67160.53,35716.98,76721.4,29833.27,75779.0,258084.56,14096.01
2023-12-04,DE,75316.26,63263.82,41017.12,60361.06,66435.78,58543.51,16078.6
2023-12-11,DE,72207.64,98077.6,50910.3,68542.38,63827.84,49223.75,44413.33
2023-12-18,DE,73072.92,53052.72,81742.26,60923.45,46815.36,114607.83,52901.44
2023-12-25,DE,73278.59,52934.32,79789.36,24894.32,63662.92,145824.59,23664.44
2024-01-01,DE,42976.66,24150.72,69142.06,16673.97,63265.93,46858.85,12917.19
2024-01-08,DE,50366.42,28070.64,51445.14,14225.15,73844.29,47986.52,17860.08
2024-01-15,DE,53096.85,19229.08,44487.42,45823.29,64539.64,66322.2,29928.97
2024-01-22,DE,42770.1,26785.76,41742.62,21289.94,19817.01,63924.8,5868.32
2024-01-29,DE,46620.68,33000.63,26490.31,27121.49,41194.51,61848.02,19165.27
2024-02-05,DE,70845.73,58116.21,45079.18,39566.31,38323.69,75343.27,25118.15
2024-02-12,DE,43358.89,28078.22,65425.06,27961.0,41301.19,66167.77,12791.57
2024-02-19,DE,66152.9,45596.6,65853.52,33664.35,59046.38,85810.36,12585.86
2024-02-26,DE,44388.33,55653.64,31093.21,50029.36,58863.64,154810.14,21811.35
2024-03-04,DE,55569.55,41334.24,117566.15,13662.48,68194.66,35204.9,79469.87
2024-03-11,DE,59087.47,32925.26,52710.84,21029.45,84055.01,48902.57,22516.33
2024-03-18,DE,66401.09,58074.33,68021.11,33800.46,46336.49,43128.47,32967.43
2024-03-25,DE,63682.86,41003.84,52721.95,20460.22,45961.2,66301.24,61366.69
2024-04-01,DE,62410.39,40911.72,48900.78,28455.15,29050.98,77406.46,17243.45
2024-04-08,DE,50719.64,54329.6,53219.92,20530.32,51388.3,99198.26,11645.27
2024-04-15,DE,50019.1,40462.35,131696.99,24079.82,39093.85,74273.11,15209.76
2024-04-22,DE,63779.04,24968.45,27362.33,30326.39,68829.26,77533.06,12129.6
2024-04-29,DE,60831.32,28813.06,46834.56,57070.24,112962.98,65331.42,20456.24
2024-05-06,DE,46599.72,50516.04,73697.02,25274.22,45492.27,67831.21,20886.64
2024-05-13,DE,47050.96,47353.53,31690.23,30894.89,60191.05,58539.24,17708.88
2024-05-20,DE,50485.42,95745.12,27075.57,29870.93,43400.26,73044.84,12200.6
2024-05-27,DE,56232.23,25576.59,81169.92,12498.42,33619.28,58509.64,16139.35
2024-06-03,DE,57247.81,34038.66,71391.7,39541.53,49147.18,62434.43,19129.52
2024-06-10,DE,68066.03,44193.37,46407.48,41905.33,73113.73,128328.73,33359.21
2024-06-17,DE,54193.79,38583.92,62947.7,32550.87,48765.47,71564.22,20743.64
2024-06-24,DE,61668.25,64842.45,67285.32,23061.32,71917.94,83592.43,24579.24
2024-07-01,DE,65985.96,47721.34,67905.67,39447.45,28309.92,91746.08,16133.5
2024-07-08,DE,57057.69,36404.5,60334.44,60755.97,36437.7,76663.51,18927.06
2024-07-15,DE,64372.2,59598.36,54685.39,37302.19,36471.28,114265.79,12606.83
2024-07-22,DE,58885.64,50718.07,65424.3,39330.28,113287.57,95908.91,17481.74
2024-07-29,DE,62952.06,72374.13,95655.95,39033.15,53992.04,103565.38,16036.75
2024-08-05,DE,59999.13,53837.57,68009.58,30258.13,59087.5,128598.64,11598.2
2024-08-12,DE,50162.64,30166.65,54856.87,42856.4,57803.03,96306.58,18221.1
2024-08-19,DE,67569.37,43672.73,87052.5,37037.49,61327.65,77587.17,17028.93
2024-08-26,DE,56781.8,54663.34,84896.94,35752.97,38309.67,93859.37,24125.35
2024-09-02,DE,63772.86,34915.01,123545.4,50219.45,51965.12,78868.51,29942.81
2024-09-09,DE,65811.51,55735.82,51404.46,35179.22,43797.99,45696.04,10307.73
2024-09-16,DE,66954.11,40597.89,140335.64,49578.26,42679.8,68978.74,15602.87
2024-09-23,DE,63490.61,21847.19,47654.07,30089.44,47932.31,103682.17,21401.62
2024-09-30,DE,58757.22,57917.93,65088.5,35984.15,57507.51,51111.92,24153.97
2024-10-07,DE,51144.42,34098.55,48262.76,30840.95,39655.03,47756.16,18019.59
2024-10-14,DE,54986.9,34529.04,210040.41,27545.35,32907.15,53094.81,16990.32
2024-10-21,DE,39139.39,38318.68,50893.46,54749.9,22334.25,67844.1,21241.4
2024-10-28,DE,42945.82,53570.91,55993.38,33003.82,57449.05,67531.66,7633.65
2024-11-04,DE,48001.05,32176.31,62431.16,27625.97,138258.51,75973.12,25218.29
2024-11-11,DE,51876.99,34379.38,38982.21,41082.45,67703.78,118348.29,29201.97
2024-11-18,DE,72880.06,74728.4,84581.48,66665.28,53474.12,172659.18,15224.96
2024-11-25,DE,58521.62,81976.02,42960.8,45179.39,46587.37,68386.39,52003.32
2024-12-02,DE,55497.37,66491.28,63949.43,15416.89,31041.04,57749.59,23038.88
2024-12-09,DE,78477.11,56291.81,49792.46,50330.52,71155.38,72395.81,15460.54
2024-12-16,DE,60364.58,21911.64,76526.03,39364.58,72631.12,137199.37,42181.9
2024-12-23,DE,74142.4,70274.62,59081.93,36727.07,82070.73,66391.76,18153.24
2023-07-03,FR,31883.32,45242.3,88793.05,39157.17,54696.69,61032.13,12358.82
2023-07-10,FR,49919.56,43317.06,82712.4,24205.63,33282.13,168444.41,15343.32
2023-07-17,FR,45374.59,16139.08,63814.16,39672.76,83471.83,65900.32,14423.94
2023-07-24,FR,48626.54,37755.59,27825.83,18406.49,42182.25,25472.19,21559.99
2023-07-31,FR,61871.31,14479.17,74362.16,24439.06,54865.27,71530.93,31489.97
2023-08-07,FR,39017.71,41451.08,37012.42,27385.92,44851.2,68804.75,15857.73
2023-08-14,FR,61944.4,17879.65,65642.4,31880.86,48777.75,160373.73,12525.06
2023-08-21,FR,59580.86,40229.73,33652.68,30944.99,57045.92,56839.84,10536.35
2023-08-28,FR,53091.01,44416.55,56860.09,23111.47,37878.89,85580.29,22391.7
2023-09-04,FR,44283.13,34230.91,66865.99,33579.32,48120.65,30788.43,16359.61
2023-09-11,FR,54122.01,31920.19,70346.54,8798.53,33984.04,55809.72,9844.66
2023-09-18,FR,48817.8,21772.75,70439.73,20665.22,44453.66,66050.88,21782.65
2023-09-25,FR,60353.75,41765.63,53560.1,30149.42,43083.45,117847.36,22388.7
2023-10-02,FR,56121.31,22263.35,59506.84,24236.54,33455.82,88181.68,10466.95
2023-10-09,FR,68297.13,41413.22,54521.45,17338.12,20309.87,52445.63,5117.99
2023-10-16,FR,54549.72,44411.2,47649.72,39709.91,39846.44,91811.55,11700.14
2023-10-23,FR,44368.96,35861.41,36573.87,23059.56,37161.71,61193.8,11174.28
2023-10-30,FR,52808.26,35236.92,42595.96,14908.98,19391.82,80057.84,6527.89
2023-11-06,FR,56861.76,36839.92,32787.12,56682.56,56999.52,78793.35,14101.37
2023-11-13,FR,66075.56,24119.26,58124.85,30953.26,32162.07,47701.0,12516.68
2023-11-20,FR,61507.89,25791.47,43878.42,35023.51,55725.34,69148.17,19607.53
2023-11-27,FR,57202.34,47247.82,27137.61,33583.0,74076.03,35668.31,7150.67
2023-12-04,FR,70958.64,36511.5,79649.96,29393.75,58086.41,78228.6,12452.27
2023-12-11,FR,44874.76,27875.88,30248.97,53045.35,62793.79,67667.97,17231.89
2023-12-18,FR,49986.46,29442.16,62706.31,24213.21,41180.66,56340.77,24523.43
2023-12-25,FR,46691.49,37059.62,57340.51,20884.91,37475.92,74296.89,10741.43
2024-01-01,FR,45667.22,22221.86,33448.18,12342.81,27481.75,69937.6,9007.08
2024-01-08,FR,33042.32,13609.04,46735.03,16370.41,17582.18,33464.61,13497.08
2024-01-15,FR,52669.28,26090.31,23123.94,28541.29,17509.75,69490.0,12334.83
2024-01-22,FR,42200.13,20983.23,30759.38,19735.52,34695.87,23194.04,8828.79
2024-01-29,FR,34018.66,24394.29,50701.39,28534.92,50251.16,62996.91,8613.37
2024-02-05,FR,41428.76,29821.63,61390.18,33746.97,33521.78,64395.97,12254.91
2024-02-12,FR,51684.53,17795.76,40284.25,22545.25,30150.7,65149.72,13256.29
2024-02-19,FR,61190.01,34369.29,54641.76,55339.5,34729.42,81938.62,15574.22
2024-02-26,FR,71410.56,33111.54,40707.3,25162.3,33245.59,76322.68,11168.79
2024-03-04,FR,81821.08,36043.26,64561.41,30027.95,39263.71,73299.51,8304.88
2024-03-11,FR,57015.47,24904.29,48484.48,55100.9,38659.42,45435.49,6381.15
2024-03-18,FR,45289.32,58394.11,45998.2,22661.56,16232.43,51902.92,15052.39
2024-03-25,FR,30336.05,24934.4,26291.24,14714.95,70566.12,55876.59,11964.97
2024-04-01,FR,51269.77,30396.59,41549.2,14488.59,49582.47,50533.66,14972.29
2024-04-08,FR,42540.05,50314.09,26536.96,18300.45,40179.45,73809.21,11595.27
2024-04-15,FR,48230.45,24611.75,52339.34,53076.24,36898.31,41133.46,9946.53
2024-04-22,FR,48059.77,28522.63,56396.89,64161.48,32287.26,55378.43,26163.37
2024-04-29,FR,51993.38,33285.37,45213.83,40039.97,37222.84,38274.68,22015.3
2024-05-06,FR,61277.73,17184.24,59925.37,23933.69,32403.01,48182.2,13672.72
2024-05-13,FR,51507.52,25691.06,49034.73,20794.25,18378.81,53989.36,20155.66
2024-05-20,FR,46926.06,15034.62,41895.51,20415.8,49896.08,49288.66,18849.02
2024-05-27,FR,42751.4,37592.06,53170.18,41414.85,33256.82,55096.02,16648.9
2024-06-03,FR,35007.86,35578.67,44118.73,20137.29,41559.49,36769.38,8115.58
2024-06-10,FR,47607.81,23325.62,70086.27,24854.72,48890.14,58540.44,19004.43
2024-06-17,FR,57150.81,43398.53,79186.92,30547.28,88122.41,67437.11,13603.92
2024-06-24,FR,72750.9,22712.86,25469.79,51983.99,23433.14,98027.04,35255.17
2024-07-01,FR,56583.17,36996.81,58406.78,20982.8,19466.07,62196.5,14146.97
2024-07-08,FR,66298.58,28413.35,59647.93,44581.22,79482.59,47256.69,20088.36
2024-07-15,FR,50861.25,52329.82,38931.92,24699.07,28232.47,31696.92,16243.69
2024-07-22,FR,41194.89,28130.91,65405.76,15121.38,30605.08,38714.39,16368.14
2024-07-29,FR,39701.75,27218.95,30917.28,17958.17,36248.36,47726.64,12207.67
2024-08-05,FR,43650.7,35187.94,25937.56,29760.19,56889.05,56177.59,17540.32
2024-08-12,FR,72497.6,31379.24,37352.35,47804.12,54711.36,55779.25,21903.14
2024-08-19,FR,45892.35,17784.89,100193.78,22683.97,37904.09,56108.62,12660.21
2024-08-26,FR,61773.57,21431.76,58457.19,59809.25,46045.22,51570.94,14137.17
2024-09-02,FR,43617.94,34921.43,25687.19,23221.67,54575.95,34688.02,18134.34
2024-09-09,FR,58765.14,31720.13,33333.56,28356.74,27303.74,52696.79,8602.85
2024-09-16,FR,51309.99,12067.75,35528.69,20193.08,31330.72,69886.8,20409.95
2024-09-23,FR,47372.97,33258.32,52914.78,18372.41,25419.12,64280.55,9720.07
2024-09-30,FR,53802.5,89772.02,47747.54,20197.38,29153.27,32542.03,15843.04
2024-10-07,FR,48682.17,26924.58,58865.92,54401.06,28975.57,55078.41,14227.29
2024-10-14,FR,56203.02,14105.92,48434.48,43180.19,47251.98,45841.62,16961.82
2024-10-21,FR,49543.57,37393.2,55937.61,31585.4,27165.14,92684.99,7902.33
2024-10-28,FR,40865.47,39305.06,35108.67,16634.91,38764.47,64245.01,15436.44
2024-11-04,FR,43764.85,35617.55,56694.14,40886.79,47529.91,71882.53,20029.5
2024-11-11,FR,60358.74,32467.55,79360.09,70715.44,52421.38,62073.22,25173.68
2024-11-18,FR,75951.72,60597.39,48607.36,35816.23,36704.19,97431.31,19573.36
2024-11-25,FR,60427.97,50379.48,37471.61,38503.68,35253.84,54108.81,13453.09
2024-12-02,FR,58025.55,47763.82,68151.38,48276.36,25729.91,56581.78,12838.37
2024-12-09,FR,64013.01,25476.34,55596.95,37267.55,211766.62,36579.16,10179.91
2024-12-16,FR,74619.22,37372.3,110372.17,40227.57,32989.27,74582.12,17575.13
2024-12-23,FR,62845.64,36171.06,45204.5,32207.46,68318.66,59841.16,23182.28
2023-01-02,UK,25094.96,36923.28,61606.48,16540.56,33732.89,40155.09,13883.11
2023-01-09,UK,46716.49,28855.55,26676.85,56411.02,37024.41,34565.11,23388.06
2023-01-16,UK,40029.85,19430.11,37981.89,20132.2,25341.12,70098.33,10816.3
2023-01-23,UK,54793.32,21576.1,60803.55,28370.83,48247.85,56610.22,19645.35
2023-01-30,UK,40371.48,12184.36,41142.78,26475.63,41574.38,26410.81,15548.5
2023-02-06,UK,30807.66,43653.97,51224.8,17901.3,34687.57,97073.78,24732.25
2023-02-13,UK,34758.61,41093.25,62548.43,39332.72,49106.98,95974.26,25257.15
2023-02-20,UK,69149.75,86118.92,41026.99,31912.61,36072.28,53011.41,16878.83
2023-02-27,UK,68260.06,38353.48,54030.83,28553.61,47745.56,72593.73,15282.98
2023-03-06,UK,51392.15,54356.85,49201.35,33550.46,70256.14,89391.06,9757.16
2023-03-13,UK,54399.12,34590.77,292008.63,84576.37,39296.86,58975.94,11964.56
2023-03-20,UK,67226.02,27473.69,63696.54,34805.14,45006.83,29308.57,18817.28
2023-03-27,UK,42484.62,60661.89,34553.61,33126.1,70506.46,55004.17,22142.45
2023-04-03,UK,39951.41,32197.71,85570.41,11922.97,32884.85,61116.88,22153.56
2023-04-10,UK,54866.19,29206.55,39523.31,35381.85,41343.75,80658.5,18717.49
2023-04-17,UK,42490.77,23322.17,74473.96,23952.68,46343.46,46528.07,18599.51
2023-04-24,UK,44774.12,15257.63,35746.72,15428.74,61939.56,48540.12,20843.9
2023-05-01,UK,45696.79,18245.72,84291.58,29006.86,87801.56,62629.84,9861.21
2023-05-08,UK,50123.67,24506.48,45010.85,19848.31,59507.86,64565.12,11956.95
2023-05-15,UK,63202.54,46624.13,42956.32,36647.4,34826.87,76136.71,14551.47
2023-05-22,UK,48433.91,49596.81,25712.72,18018.7,39787.62,49262.86,14399.61
2023-05-29,UK,53128.84,44125.14,41698.33,31403.39,30569.52,30940.56,21936.04
2023-06-05,UK,34604.65,72679.71,55647.86,67185.4,78228.91,78517.91,25700.27
2023-06-12,UK,54109.66,52625.16,82542.49,30853.1,39869.28,87924.06,27499.69
2023-06-19,UK,51164.75,117592.41,63889.87,28918.22,83352.34,75656.68,19394.41
2023-06-26,UK,46870.52,48883.7,52260.81,29878.45,93690.68,70696.22,28218.11
2023-07-03,UK,46862.59,60159.52,61388.4,30287.27,35621.4,41067.74,24096.68
2023-07-10,UK,53757.85,46423.92,74232.44,27152.71,97969.43,86299.39,18601.82
2023-07-17,UK,65560.96,19401.49,49331.8,43198.91,81367.43,73627.38,34812.45
2023-07-24,UK,41379.08,28950.05,65720.63,37948.98,60425.38,77239.95,22078.09
2023-07-31,UK,56370.25,28725.6,91094.92,45185.04,54400.02,102608.35,31648.71
2023-08-07,UK,52236.35,50077.63,119954.55,41326.98,36215.45,80102.62,27786.28
2023-08-14,UK,52274.65,65961.48,60535.48,23519.83,45089.85,45471.68,25775.98
2023-08-21,UK,65988.64,35087.01,44431.09,44593.97,86272.7,57043.52,20804.14
2023-08-28,UK,59407.43,38122.83,94137.19,31725.3,34200.75,72585.1,29480.81
2023-09-04,UK,71508.33,83610.8,60210.36,19943.73,69695.81,111861.18,18602.59
2023-09-11,UK,51058.21,24173.64,51867.91,20964.31,34212.75,121650.78,11804.38
2023-09-18,UK,43170.38,30993.08,42263.51,24345.87,41708.46,80238.75,14279.8
2023-09-25,UK,48405.72,32184.41,84761.64,15051.98,64661.89,89264.77,9988.56
2023-10-02,UK,50492.3,18926.84,43328.16,19511.29,36953.81,87984.15,17678.51
2023-10-09,UK,48966.52,25884.76,33201.82,42408.74,39487.93,23140.94,16146.53
2023-10-16,UK,36995.59,44819.1,32876.16,28669.93,44448.95,43078.44,26386.55
2023-10-23,UK,46621.05,37271.33,43037.49,26386.74,26980.62,39943.17,14290.0
2023-10-30,UK,49026.14,30397.92,45128.66,45578.19,52684.46,33831.96,25214.3
2023-11-06,UK,77713.34,38600.28,104610.13,31564.86,79653.6,102418.24,28397.33
2023-11-13,UK,70499.93,35682.11,52849.74,30110.3,28863.02,109343.99,30644.31
2023-11-20,UK,46786.37,41770.79,54846.43,44218.27,64261.31,138667.13,26026.7
2023-11-27,UK,55081.65,52059.19,63941.29,29746.88,91642.08,62207.17,32100.54
2023-12-04,UK,41554.94,37233.71,58209.71,29058.83,76666.55,58080.53,22686.93
2023-12-11,UK,48333.97,23272.32,91297.23,32041.08,45295.39,81579.83,28424.41
2023-12-18,UK,63778.94,26534.75,108399.33,34948.5,107083.35,196050.73,30783.5
2023-12-25,UK,72318.08,32111.71,61347.09,39460.65,56060.07,120195.73,28215.68
2024-01-01,UK,47663.13,19421.15,31544.19,31521.04,55442.57,54881.75,23327.13
2024-01-08,UK,44108.0,41297.01,23444.9,17028.2,22974.85,60252.24,13747.29
2024-01-15,UK,22998.95,14687.0,26921.12,23336.16,21152.49,37676.67,14957.13
2024-01-22,UK,42833.14,36435.33,39173.69,26791.66,29239.14,37858.13,13004.95
2024-01-29,UK,31932.68,22394.72,31090.15,31552.58,24842.26,41422.91,19214.46
2024-02-05,UK,37914.45,30332.91,73092.56,18403.0,35442.91,62975.31,19038.37
2024-02-12,UK,35972.24,60759.3,34291.73,21747.67,26900.27,49722.04,22234.18
2024-02-19,UK,41818.18,21817.24,37738.45,42290.78,32244.35,33943.52,14598.8
2024-02-26,UK,30499.15,62195.28,49421.09,26734.88,73529.46,81226.77,11156.17
2024-03-04,UK,31441.25,31571.32,23265.25,33721.4,44799.54,40404.99,18688.93
2024-03-11,UK,72227.26,35348.73,80261.29,57008.17,69433.51,51353.06,18777.86
2024-03-18,UK,37947.29,21861.98,46901.74,62620.14,72132.22,68984.75,14366.56
2024-03-25,UK,46085.13,60974.11,79529.05,49491.21,96955.06,48176.58,37986.75
2024-04-01,UK,70891.68,31137.28,62334.35,16288.56,35722.73,91308.99,21763.84
2024-04-08,UK,79802.46,30929.57,51077.94,22962.33,60805.84,30798.93,28412.0
2024-04-15,UK,38597.25,52215.61,40494.91,17405.95,46210.37,76959.97,19036.8
2024-04-22,UK,45153.64,41501.71,47382.88,27303.23,40286.23,53029.49,14741.24
2024-04-29,UK,51309.7,42028.31,80645.75,20190.67,40900.8,42297.18,14229.25
2024-05-06,UK,64800.62,31337.7,52538.89,29721.85,42060.8,73366.95,12497.35
2024-05-13,UK,37368.89,37639.75,64171.86,20742.67,56731.17,53511.09,18204.89
2024-05-20,UK,46935.44,29682.58,32629.4,29551.44,64781.87,87463.07,31834.55
2024-05-27,UK,66880.53,55718.69,99132.42,19620.97,143699.0,164896.17,10682.98
2024-06-03,UK,62713.3,43702.35,99203.78,35606.14,38247.14,96096.12,20616.06
2024-06-10,UK,53684.72,48727.77,68470.16,37206.31,54972.26,57311.89,25108.24
2024-06-17,UK,56446.85,62685.57,68012.0,30136.3,36602.2,112237.64,25883.51
2024-06-24,UK,45933.09,74960.55,61945.32,37279.41,39038.47,184567.24,11602.21
2024-07-01,UK,53378.64,39530.05,68426.56,25694.2,35545.4,52546.5,28039.5
2024-07-08,UK,55978.56,56652.88,73955.6,43555.98,60154.72,98813.08,23543.78
2024-07-15,UK,57096.34,45092.58,49725.88,19574.9,49780.35,69572.23,12249.9
2024-07-22,UK,49934.48,57614.53,46099.3,28927.59,56124.33,85694.48,27617.51
2024-07-29,UK,61802.49,40834.7,72098.56,45966.3,30462.85,158353.4,31835.61
2024-08-05,UK,63262.91,22501.53,61612.26,23379.62,59912.57,61916.67,13260.5
2024-08-12,UK,58130.33,33969.2,82735.34,44264.03,71322.54,79339.51,42042.65
2024-08-19,UK,58832.01,25094.69,60136.94,31699.79,67733.23,81662.74,34351.53
2024-08-26,UK,56139.57,35766.42,38448.45,56607.14,55463.85,71469.55,14507.51
2024-09-02,UK,49480.6,31223.24,42939.96,18840.51,20069.21,54774.94,21985.66
2024-09-09,UK,44298.73,55253.29,69756.12,40765.85,29303.09,69422.1,20394.45
2024-09-16,UK,63878.66,96229.52,41986.01,139170.23,59102.08,75468.87,21494.22
2024-09-23,UK,57582.14,29963.58,61466.06,29387.89,56813.41,210010.08,9575.32
2024-09-30,UK,75339.13,37087.44,67380.51,34365.09,33175.83,63420.15,8683.53
2024-10-07,UK,66965.53,35695.34,44944.66,19193.46,37181.46,113724.44,10049.14
2024-10-14,UK,54831.74,38289.29,59179.6,28643.73,56073.0,55831.03,13515.91
2024-10-21,UK,41554.39,24495.6,48049.87,30193.67,49782.36,63665.13,18680.21
2024-10-28,UK,43070.13,32009.75,29218.37,27918.97,94876.18,57156.95,74304.37
2024-11-04,UK,65303.39,44344.77,63179.92,21164.57,37496.14,61992.38,26791.07
2024-11-11,UK,54475.85,33160.34,33241.52,41855.05,42540.96,48183.03,27997.77
2024-11-18,UK,56459.57,40019.71,75708.15,21191.01,63378.63,72253.23,22346.72
2024-11-25,UK,48051.34,63323.59,97917.24,113313.51,146216.81,93577.43,42129.19
2024-12-02,UK,68214.85,25944.06,56535.61,23262.2,43469.21,74148.09,43708.14
2024-12-09,UK,65393.25,46530.34,93811.44,31409.2,45224.06,206801.99,28111.31
2024-12-16,UK,46365.07,33837.73,45790.59,47695.77,33301.74,50505.97,44974.98
2024-12-23,UK,51485.87,23432.35,88404.66,32735.11,66200.34,101418.83,20201.47
2023-07-03,NL,21272.52,17361.41,32968.6,21827.76,30223.35,34073.97,7620.2
2023-07-10,NL,23908.15,12347.49,26279.59,13599.59,30201.58,38234.58,13152.22
2023-07-17,NL,24962.14,11371.87,42996.71,16141.1,14401.26,19063.14,23431.19
2023-07-24,NL,26536.34,20167.52,24256.55,10698.35,19527.35,53756.85,5210.04
2023-07-31,NL,25455.85,16585.93,22621.91,15608.95,12969.9,27615.37,6226.93
2023-08-07,NL,28547.23,19511.68,27823.34,10995.63,29882.33,37884.96,5469.59
2023-08-14,NL,34169.85,9500.81,22105.61,15928.05,15501.14,32306.82,7802.05
2023-08-21,NL,16151.75,31019.63,15921.4,18587.14,27244.94,30272.95,4261.26
2023-08-28,NL,28263.61,18410.67,15121.9,28325.41,20258.02,63238.72,8890.34
2023-09-04,NL,31274.12,12386.39,33652.44,14037.84,43070.16,22107.99,11736.61
2023-09-11,NL,33855.9,34962.71,34983.7,15911.49,30090.23,26634.79,5507.76
2023-09-18,NL,27506.06,11958.52,31867.29,13555.3,20191.62,19818.94,7040.83
2023-09-25,NL,19331.07,15245.11,32263.99,15476.34,14323.38,25427.45,6565.47
2023-10-02,NL,28459.63,16299.24,12182.23,11626.59,16354.03,44430.23,11619.35
2023-10-09,NL,36630.6,24739.13,28308.27,14925.31,16591.23,19656.52,7237.61
2023-10-16,NL,17810.67,12906.55,19794.96,12040.19,9809.36,32027.54,8781.0
2023-10-23,NL,27473.68,9315.64,14555.94,9435.49,14421.68,28323.95,4985.44
2023-10-30,NL,23593.71,9811.93,52656.63,15430.23,9132.22,42301.15,5636.95
2023-11-06,NL,26705.28,13446.22,26821.96,12036.15,28094.17,71524.47,8491.42
2023-11-13,NL,23882.63,24637.85,28081.18,11542.45,27343.14,38725.57,11943.53
2023-11-20,NL,30352.17,26825.27,44359.82,19464.7,25513.01,44865.72,8209.29
2023-11-27,NL,36673.92,16680.54,47950.77,8949.95,12868.67,93512.5,5223.04
2023-12-04,NL,32626.94,15119.58,24733.94,14657.99,21609.62,32740.41,10755.38
2023-12-11,NL,39483.89,16692.71,30354.77,15248.86,32342.45,48562.04,8025.57
2023-12-18,NL,36760.1,22590.77,39986.9,11359.11,22824.34,40024.39,6723.48
2023-12-25,NL,37218.07,36933.62,24327.31,32202.67,40237.12,45194.33,8815.52
2024-01-01,NL,37299.56,8293.77,16509.1,7386.85,16000.47,8618.34,6089.84
2024-01-08,NL,27727.11,13819.61,15099.7,8809.56,12414.69,21130.36,9944.9
2024-01-15,NL,28653.41,16785.06,16429.28,8555.67,19418.23,23454.09,4105.45
2024-01-22,NL,22438.97,11275.9,27723.03,11753.1,12880.22,13312.92,6388.82
2024-01-29,NL,23841.66,12366.69,16256.36,13000.55,17709.75,13448.41,5947.5
2024-02-05,NL,18209.03,10032.65,18204.37,7844.19,11894.26,14810.28,8332.48
2024-02-12,NL,27574.64,16748.61,21129.29,10108.31,11505.48,23441.48,8052.04
2024-02-19,NL,19415.14,16639.58,34358.1,18493.71,18357.2,23361.17,5584.7
2024-02-26,NL,28202.3,9146.02,14509.46,6858.11,33689.5,30210.91,9079.01
2024-03-04,NL,24452.72,13834.69,49438.71,8315.84,10660.45,63035.22,4535.49
2024-03-11,NL,31705.71,13771.65,16719.38,13779.99,16114.64,34085.72,9825.75
2024-03-18,NL,29808.95,9119.67,16120.36,15630.82,26445.5,29045.52,8486.58
2024-03-25,NL,37288.62,25184.0,18878.11,12859.89,27752.88,42674.75,7061.6
2024-04-01,NL,29927.43,11630.17,20519.08,12109.54,13796.54,21665.17,11386.35
2024-04-08,NL,17003.95,17975.27,19311.63,8471.74,14498.61,15619.81,7816.13
2024-04-15,NL,25165.83,11871.4,23428.94,15571.21,20185.52,23824.19,5430.38
2024-04-22,NL,19823.38,10121.48,31923.49,13251.51,16177.95,33331.41,10259.07
2024-04-29,NL,23515.28,11949.49,22946.01,13204.65,29689.62,24155.87,5369.71
2024-05-06,NL,35050.71,17023.77,26707.82,12739.93,30521.26,24130.92,7709.58
2024-05-13,NL,27919.71,9330.05,15393.36,9578.95,16966.6,17590.0,8842.96
2024-05-20,NL,22043.31,11640.02,45336.81,9414.88,18590.18,32632.2,6833.34
2024-05-27,NL,22399.57,12303.5,53983.71,13798.95,21990.38,36557.0,8847.53
2024-06-03,NL,31877.08,60262.53,19381.94,15958.9,20165.37,14299.87,14906.22
2024-06-10,NL,22704.13,11271.56,9679.55,12015.45,30502.87,31907.74,11858.08
2024-06-17,NL,25581.2,12954.17,20693.6,30613.99,15835.58,37666.95,10038.86
2024-06-24,NL,30073.9,20095.78,29429.97,10509.98,18302.65,13317.56,13844.81
2024-07-01,NL,33874.73,20976.06,19284.66,10398.36,30709.25,24248.81,6605.38
2024-07-08,NL,31265.56,12155.93,31364.63,22757.89,14703.68,23743.69,8075.88
2024-07-15,NL,18947.69,13938.1,25916.1,15356.42,69341.94,27177.25,4346.98
2024-07-22,NL,33439.08,34669.56,13165.89,26693.79,16285.88,35234.23,11967.46
2024-07-29,NL,29918.6,21298.01,15080.0,15350.09,14463.7,37035.48,10240.1
2024-08-05,NL,32245.12,13285.11,20195.86,12604.49,31554.35,131396.22,9472.19
2024-08-12,NL,38651.48,15167.48,50747.92,18399.93,14570.12,23115.48,4664.85
2024-08-19,NL,19777.12,19282.81,12038.09,28982.64,18917.22,42363.88,7341.96
2024-08-26,NL,28114.96,19163.88,23050.96,14048.64,31609.76,56672.38,14612.59
2024-09-02,NL,34310.44,47129.98,16498.21,13789.93,14245.49,40556.62,5143.49
2024-09-09,NL,22520.23,23064.94,22556.97,30203.2,13375.01,20751.62,7132.39
2024-09-16,NL,36201.96,17873.78,35075.52,10310.96,9464.93,38061.85,10646.51
2024-09-23,NL,28398.34,13180.53,31068.76,8753.79,14231.67,20410.9,10798.1
2024-09-30,NL,30556.51,9612.97,24110.13,13773.0,23536.12,23651.75,11787.48
2024-10-07,NL,22643.54,19832.08,18190.57,9346.12,17196.98,23131.32,5317.94
2024-10-14,NL,32884.77,15397.76,19163.84,21586.24,46841.51,21926.2,7200.68
2024-10-21,NL,33649.86,31191.15,9135.83,12160.16,20492.42,39820.3,5955.72
2024-10-28,NL,29948.99,43223.04,21749.1,12499.27,15417.55,31850.09,3873.5
2024-11-04,NL,30646.12,12848.87,39033.77,11565.5,42897.49,17196.18,9098.03
2024-11-11,NL,31657.58,16027.4,29040.28,18708.11,15657.81,21022.95,29233.93
2024-11-18,NL,24517.79,16670.84,30884.32,13706.58,10886.18,41063.08,8921.07
2024-11-25,NL,29121.63,31656.0,50750.17,7216.2,22340.81,22079.89,10441.98
2024-12-02,NL,30766.2,15305.45,23896.58,19319.63,40923.14,54955.93,6775.66
2024-12-09,NL,32922.67,21285.34,37425.93,15337.51,18407.78,34103.06,7766.4
2024-12-16,NL,37031.62,19125.03,45006.42,20257.34,22088.13,54098.18,10643.12
2024-12-23,NL,25707.61,29228.2,16598.0,10978.18,24840.22,32856.21,9187.47
2024-01-01,ES,40523.74,21659.87,26844.86,19375.01,32971.93,36406.9,8528.35
2024-01-08,ES,72342.03,18649.68,29233.95,31404.72,19811.91,37349.01,20504.02
2024-01-15,ES,55185.54,16389.55,27142.04,14133.49,62647.73,32263.87,20201.08
2024-01-22,ES,55450.16,19978.33,47078.26,11356.68,23638.74,42246.26,9317.53
2024-01-29,ES,69413.74,20931.2,25726.63,26050.75,25087.41,59979.33,6679.62
2024-02-05,ES,74146.68,25197.08,26642.36,19580.21,16038.9,25626.28,8450.13
2024-02-12,ES,67759.75,29249.37,22851.31,16420.65,42145.19,41814.99,14335.48
2024-02-19,ES,81160.43,20336.11,21764.97,17151.97,38844.85,37286.78,8440.91
2024-02-26,ES,79921.31,30923.63,59025.45,17951.39,19604.18,27494.83,15639.32
2024-03-04,ES,74288.22,11763.91,38383.82,7010.93,28322.79,57370.86,8487.44
2024-03-11,ES,78715.83,41966.8,35726.28,23745.58,33828.0,45275.65,12870.9
2024-03-18,ES,100719.56,7674.9,39438.44,13144.08,108417.56,25298.24,12587.85
2024-03-25,ES,71770.56,25544.52,13417.63,23493.0,35739.24,63568.95,12720.45
2024-04-01,ES,52734.68,38056.65,26830.64,30921.0,24370.91,45995.68,14637.58
2024-04-08,ES,94608.36,25257.49,61047.25,18280.23,32816.31,43279.37,17005.15
2024-04-15,ES,71733.82,19341.95,63233.42,14257.26,48252.66,28512.53,13281.27
2024-04-22,ES,75053.82,37578.93,59968.13,14901.26,21145.95,21874.77,7891.53
2024-04-29,ES,85686.89,25107.04,10482.47,15259.78,45955.36,55126.2,10641.27
2024-05-06,ES,52838.49,22041.82,33431.42,12932.61,31350.53,42615.78,21548.25
2024-05-13,ES,54620.67,16164.03,27784.41,14115.04,36812.11,53497.61,8199.68
2024-05-20,ES,55381.96,21708.4,38296.71,50706.63,35710.92,27602.72,11188.22
2024-05-27,ES,63694.14,18102.09,39455.42,16812.46,39779.14,44441.03,10352.07
2024-06-03,ES,81134.09,33246.38,63076.26,17438.59,34107.74,56964.91,10993.48
2024-06-10,ES,81700.84,31386.63,29768.02,15197.5,55055.82,41089.83,13111.44
2024-06-17,ES,76419.92,18840.55,31974.4,30736.55,21443.46,41543.69,11214.27
2024-06-24,ES,57693.31,11810.99,36178.26,28362.64,30535.34,79860.16,11629.07
2024-07-01,ES,50757.05,33679.91,25078.66,28032.73,37056.45,86990.23,13173.14
2024-07-08,ES,75584.57,18317.09,38569.42,23000.76,47350.83,32945.19,7351.98
2024-07-15,ES,73340.95,27751.2,68941.9,26023.9,39879.04,29487.61,12557.98
2024-07-22,ES,80300.17,39758.72,40421.32,12004.52,31179.71,57043.17,4181.36
2024-07-29,ES,81842.66,25018.17,26615.62,27835.01,26748.24,53737.23,12357.85
2024-08-05,ES,77724.84,22012.27,72362.69,16965.45,31788.74,46291.67,13203.67
2024-08-12,ES,88065.4,49978.05,44387.92,17554.03,51935.48,60727.21,10600.4
2024-08-19,ES,75515.32,40553.54,22857.22,14147.08,17646.37,23009.65,18905.54
2024-08-26,ES,81074.74,27629.69,21160.15,20389.3,42581.82,99649.0,11575.51
2024-09-02,ES,65148.56,12143.76,48139.34,14368.81,24970.26,49881.59,12903.23
2024-09-09,ES,67960.1,23191.69,28038.5,18613.09,28759.1,26619.61,9244.58
2024-09-16,ES,71186.63,27548.68,21442.26,19797.83,24493.52,35845.98,18859.2
2024-09-23,ES,76403.33,33997.38,18848.87,13445.08,26160.1,62840.98,9240.15
2024-09-30,ES,65745.69,23062.82,33582.75,27787.34,19280.8,46540.98,14940.97
2024-10-07,ES,76448.62,23320.29,30939.0,25301.13,36075.55,25560.11,15997.65
2024-10-14,ES,66911.54,25192.18,45595.13,13084.3,32574.91,32053.53,6017.52
2024-10-21,ES,68121.6,16115.24,26243.55,13810.83,52306.45,45849.74,14512.59
2024-10-28,ES,75576.36,16828.58,16648.2,37081.95,12833.81,29514.18,13448.23
2024-11-04,ES,46822.24,24656.52,42793.85,15871.15,39529.95,32102.64,5383.43
2024-11-11,ES,61149.17,23542.57,49845.76,18235.94,37589.98,102396.79,16260.43
2024-11-18,ES,62978.48,32212.43,54701.45,22867.03,27692.09,76767.68,18451.56
2024-11-25,ES,52814.43,21400.69,36874.92,27186.08,38190.54,39579.69,18453.18
2024-12-02,ES,69817.51,17847.11,40941.0,20206.45,29357.46,71726.52,20586.75
2024-12-09,ES,80471.54,20301.75,16344.53,22047.39,18137.73,70166.85,13783.3
2024-12-16,ES,66738.04,17478.02,31263.3,15788.58,26303.35,27960.23,22697.3
2024-12-23,ES,77468.38,20544.97,40907.03,27097.9,51496.05,53227.69,12761.64
2024-01-01,IT,41905.39,20516.64,80588.16,14823.4,27204.71,49172.64,14713.28
2024-01-08,IT,49027.03,19661.0,25409.83,16220.15,24594.91,28320.41,7677.25
2024-01-15,IT,40647.44,39802.51,19898.83,9678.48,26700.66,22520.95,11473.04
2024-01-22,IT,55623.56,29143.42,20100.26,11767.88,34566.26,36463.61,13108.65
2024-01-29,IT,45076.85,18259.87,26216.95,16059.33,42705.44,47687.96,7493.48
2024-02-05,IT,38404.35,26544.17,31203.29,16727.8,35486.1,49346.23,8646.01
2024-02-12,IT,40850.09,25114.48,28977.32,23114.27,24477.05,42221.72,10127.57
2024-02-19,IT,33695.3,13877.15,60958.27,20015.05,53023.13,45740.4,15126.14
2024-02-26,IT,39462.86,19932.04,28131.94,19630.77,52820.32,32781.07,6194.23
2024-03-04,IT,49865.7,35679.95,45131.79,17193.76,61689.61,94361.48,6524.91
2024-03-11,IT,62712.04,19780.77,212980.35,21668.76,29983.5,31217.52,14352.1
2024-03-18,IT,69202.69,30521.95,48583.62,13271.47,53915.85,32432.33,6732.82
2024-03-25,IT,35078.11,14946.74,30492.55,22843.02,24751.79,54312.96,9124.38
2024-04-01,IT,55512.03,34067.42,48391.48,32123.08,42732.97,45777.2,13645.46
2024-04-08,IT,40005.79,33873.48,28956.55,16064.38,22027.55,34777.47,16151.45
2024-04-15,IT,56361.99,32946.65,50631.94,62188.68,33612.72,43496.99,21829.1
2024-04-22,IT,50409.3,32907.25,41506.69,11883.1,36028.75,53552.38,8501.8
2024-04-29,IT,30465.72,14752.09,45357.39,27142.66,24153.67,51457.84,10176.7
2024-05-06,IT,61171.29,49911.22,40018.94,27484.54,34259.64,34422.37,22302.21
2024-05-13,IT,52959.67,69244.4,36277.44,15434.68,83861.81,33897.16,18209.61
2024-05-20,IT,50646.21,47004.88,31388.08,25669.58,20893.22,42292.78,17466.65
2024-05-27,IT,44835.4,39818.49,38245.94,11721.53,22354.5,189477.58,14428.45
2024-06-03,IT,50012.97,32927.45,44764.7,33830.32,45579.67,57781.17,14738.96
2024-06-10,IT,57746.18,29996.24,39133.17,15183.93,41158.56,42467.68,19524.52
2024-06-17,IT,50630.27,26810.62,37822.1,19791.3,28944.76,101462.98,15283.4
2024-06-24,IT,56237.93,23715.58,40325.06,29906.16,48664.86,70845.46,12352.4
2024-07-01,IT,58449.69,40690.9,0.0,26265.86,51524.42,47181.31,12566.56
2024-07-08,IT,63233.4,17474.24,0.0,25433.14,40208.01,63506.72,7445.34
2024-07-15,IT,47858.59,25774.98,0.0,24982.83,19808.68,152055.75,21653.74
2024-07-22,IT,37972.12,39772.15,0.0,32168.03,22582.8,34008.02,13607.56
2024-07-29,IT,61277.41,23088.09,41667.87,51218.55,38525.83,73921.84,10897.59
2024-08-05,IT,47729.88,27993.38,47674.92,14440.44,33866.41,40395.4,13636.63
2024-08-12,IT,62129.9,30415.96,29680.45,16040.77,42117.84,80844.79,18904.49
2024-08-19,IT,57459.52,27173.56,38324.28,27266.22,57849.36,71523.48,11672.92
2024-08-26,IT,55057.48,25112.66,27762.68,28728.44,96454.21,52049.82,18307.1
2024-09-02,IT,59535.62,48762.06,24786.32,18295.53,27899.19,59203.37,9724.64
2024-09-09,IT,70107.12,32201.66,29452.82,13653.57,30788.94,37598.13,12740.64
2024-09-16,IT,69537.85,28780.66,20408.93,17342.76,30797.72,59793.45,15216.0
2024-09-23,IT,51651.27,18854.51,33089.51,23454.29,60058.55,55712.7,12719.85
2024-09-30,IT,48299.45,16689.35,16149.15,13084.9,34159.59,29525.57,21531.24
2024-10-07,IT,58743.08,35319.63,24620.04,18923.88,24039.59,47661.03,14263.58
2024-10-14,IT,38653.83,15622.72,40427.0,23390.49,22887.23,71955.87,11489.0
2024-10-21,IT,52472.81,33834.41,20247.13,29648.48,34571.56,33469.75,13743.01
2024-10-28,IT,50366.81,42292.77,28850.83,16415.44,28095.45,46047.92,16643.93
2024-11-04,IT,58978.19,38192.58,42599.16,28765.88,70456.79,73004.45,15127.06
2024-11-11,IT,47487.95,30131.76,49304.83,35893.71,30706.83,76620.93,28329.23
2024-11-18,IT,41339.66,38347.11,48624.48,14408.66,59958.15,12589.17,30527.52
2024-11-25,IT,40188.53,55313.99,63181.53,11422.75,58343.94,111826.45,19874.22
2024-12-02,IT,47469.26,48259.53,26775.82,14887.99,44757.42,76785.95,12876.65
2024-12-09,IT,50603.01,16425.08,45617.76,29686.83,35553.6,83074.51,17434.12
2024-12-16,IT,49925.57,25916.36,37464.1,26258.4,34768.49,32884.33,16916.89
2024-12-23,IT,72797.38,26983.62,39837.34,18362.43,66685.09,72188.99,29406.47
2024-07-01,PL,18534.13,13083.23,25345.0,0.0,13924.93,0.0,8508.91
2024-07-08,PL,12332.26,10147.87,28687.1,0.0,23367.02,0.0,4069.79
2024-07-15,PL,22986.32,21411.41,23743.78,0.0,52497.46,0.0,10309.89
2024-07-22,PL,18619.12,6755.42,32515.71,0.0,20208.46,0.0,9020.64
2024-07-29,PL,19540.79,17632.16,24148.33,0.0,13332.56,0.0,10201.23
2024-08-05,PL,20723.28,10592.6,14957.63,0.0,21032.21,0.0,9532.75
2024-08-12,PL,24421.81,13856.38,30670.05,0.0,41941.73,0.0,10915.37
2024-08-19,PL,19527.78,13040.75,13297.94,0.0,20809.5,0.0,10235.22
2024-08-26,PL,24237.52,12312.39,14215.01,0.0,13149.04,0.0,8818.78
2024-09-02,PL,14931.0,11211.18,12499.05,0.0,29087.52,0.0,7858.71
2024-09-09,PL,21287.92,21959.62,19723.14,6279.75,12814.54,0.0,5232.24
2024-09-16,PL,32872.22,8477.63,18784.13,10183.48,11453.7,0.0,5440.67
2024-09-23,PL,26348.23,14785.32,22615.82,16588.7,40103.15,0.0,4469.37
2024-09-30,PL,31156.34,16421.57,26052.27,15215.2,10434.34,0.0,4850.71
2024-10-07,PL,24262.34,11303.52,20562.33,10639.95,15961.55,0.0,5033.0
2024-10-14,PL,27199.75,19573.16,26008.38,9823.17,19725.88,0.0,8213.49
2024-10-21,PL,25245.23,16706.16,35219.57,10090.27,18350.82,26188.87,6108.91
2024-10-28,PL,25487.99,11810.41,31929.68,10185.85,19276.2,39729.32,8746.44
2024-11-04,PL,24756.77,18137.48,23873.74,11728.2,35445.32,19189.27,5579.62
2024-11-11,PL,30266.01,22233.85,24161.88,10203.38,19363.34,19480.64,10191.58
2024-11-18,PL,26489.14,17691.21,28694.07,19956.79,26195.44,42224.3,3520.18
2024-11-25,PL,30844.14,8629.93,21161.74,9448.53,11745.72,25346.53,13631.07
2024-12-02,PL,34772.34,31682.53,17205.24,13562.55,22726.82,27273.67,12313.93
2024-12-09,PL,31534.14,20751.03,13927.03,21963.82,18989.95,12284.21,7371.71
2024-12-16,PL,27671.9,17312.5,10817.97,14154.12,13905.02,31634.3,8374.84
2024-12-23,PL,29379.81,17582.14,30783.55,4571.82,13724.69,27382.77,4392.36
2024-07-01,SE,9675.15,18777.5,34732.94,0.0,16280.9,0.0,4372.32
2024-07-08,SE,14682.63,9004.7,20761.85,0.0,19475.37,0.0,6208.59
2024-07-15,SE,6314.54,12928.92,15171.63,0.0,10775.49,0.0,9378.43
2024-07-22,SE,12399.31,19224.95,15573.74,0.0,16677.8,0.0,5717.99
2024-07-29,SE,7284.46,13245.16,16771.93,0.0,17802.35,0.0,8644.46
2024-08-05,SE,8674.0,9601.65,13771.47,0.0,17736.7,0.0,14149.17
2024-08-12,SE,18297.76,10817.34,22844.41,0.0,22643.81,0.0,7449.21
2024-08-19,SE,17281.47,12784.42,23677.38,0.0,24465.79,0.0,5672.01
2024-08-26,SE,14041.64,16007.93,18360.04,18157.81,15674.68,0.0,8045.45
2024-09-02,SE,10892.77,7892.86,14777.35,27849.05,13674.36,0.0,9410.81
2024-09-09,SE,5773.69,11894.85,23911.63,12938.47,10355.6,0.0,10782.23
2024-09-16,SE,13866.85,24839.39,24431.11,8351.79,7292.64,0.0,3970.01
2024-09-23,SE,24583.11,23172.15,9785.46,6962.65,16582.67,23078.83,10556.54
2024-09-30,SE,20553.07,15802.48,17095.66,15906.54,13441.56,40952.01,4586.1
2024-10-07,SE,15739.67,5018.6,17724.65,5068.91,21358.3,24379.18,10933.07
2024-10-14,SE,19617.61,11771.35,11000.92,12048.06,12788.5,30279.1,4616.89
2024-10-21,SE,14701.45,21060.16,18412.12,9781.9,24577.15,32221.71,4820.28
2024-10-28,SE,19434.38,17700.42,22842.06,9970.76,20583.15,37838.23,6043.22
2024-11-04,SE,20831.45,16386.3,22512.19,10308.32,19570.33,28245.49,7384.15
2024-11-11,SE,22562.49,15305.8,15826.9,19346.08,60648.24,45388.71,6558.66
2024-11-18,SE,24915.23,17681.02,29253.14,10643.42,26969.6,29376.66,5528.25
2024-11-25,SE,23772.46,19203.35,18130.92,24386.42,18966.86,33334.19,9412.23
2024-12-02,SE,24747.91,15567.05,29512.9,18286.96,23750.51,36369.62,8608.62
2024-12-09,SE,19883.67,25017.47,23348.91,10736.97,20219.03,19590.6,5033.8
2024-12-16,SE,25371.5,22900.87,39419.29,11960.93,27582.49,16602.57,4210.11
2024-12-23,SE,28449.28,25299.02,27740.81,13360.86,36115.79,28622.44,5652.69
